1,1,2.32426,230144,3772.85
2,0,2.38434,235476,3737.71
3,0,2.3644,252171,3820.77
4,0,2.50401,275253,3822.96
5,0,2.33472,246997,3983.82
6,0,2.42998,275530,3993.19
7,0,2.42683,285838,4025.89
8,0,2.43915,283970,3999.58
9,0,2.46691,273135,4076.64
10,0,2.61547,290188,4145.54
11,0,2.68746,297807,4254.39
12,0,2.89343,318806,4140.34
13,0,2.94018,314740,4311.51
14,0,2.89242,339211,4293.81
15,0,3.06637,328397,4210.22
16,0,2.98934,321394,4285.25
17,0,3.12783,349951,4374.39
18,0,3.25841,382470,4346.25
19,0,3.31102,369995,4457.77
20,0,3.38481,409031,4305.59
21,0,3.51432,433457,4334.57
22,0,3.77342,475666,4404.31
23,0,3.71851,451019,4295.42
24,0,3.70331,454270,4326.38
25,0,3.97614,488704,4402.74
26,0,4.14558,488903,4444.57
27,0,4.08198,448050,4480.5
28,0,4.26047,490329,4457.54
29,0,4.40762,508308,4620.98
30,0,4.58142,553860,4577.36
31,0,4.72054,579426,4635.41
32,1,2.12786,250085,4547
33,0,2.31257,266177,4511.47
34,0,2.3798,263998,4474.54
35,0,2.43423,265756,4504.34
36,0,2.41234,265042,4492.24
37,0,2.31982,274642,4577.37
38,0,2.28725,273602,4560.03
39,0,2.38455,293782,4738.42
40,0,2.42811,286956,4782.6
41,0,2.49719,305489,4773.27
42,0,2.60519,319236,4694.65
43,0,2.66687,326506,4664.37
44,0,2.72106,327147,4810.99
45,0,2.7168,341604,4744.5
46,0,2.93839,372746,4718.3
47,0,2.87954,348714,4776.9
48,0,2.81768,361831,4889.61
49,0,3.12872,383257,4851.35
50,0,3.21054,411623,5019.79
51,0,3.15617,416741,4790.13
52,0,3.32945,403288,4918.15
53,0,3.55756,454933,5054.81
54,0,3.49501,469241,5156.49
55,0,3.79195,468867,5096.38
56,0,3.79611,467489,5137.24
57,0,3.85926,457617,5028.76
58,0,4.10501,507935,5130.66
59,0,4.20548,507877,4979.19
60,0,4.25996,539432,4994.74
61,0,4.3717,558648,5078.62
62,0,4.57845,572327,5110.06
63,1,2.12037,217598,4835.51
64,0,1.93242,230994,4812.38
65,0,1.91897,236445,4825.41
66,0,1.93632,238354,4864.37
67,0,2.06767,259229,4891.11
68,0,2.18559,258780,4976.54
69,0,2.05689,270840,4924.36
70,0,2.12385,265364,4914.15
71,0,2.32771,300555,4847.66
72,0,2.16387,271738,4852.46
73,0,2.24995,278219,4968.2
74,0,2.43434,303690,5061.5
75,0,2.35247,294476,5166.25
76,0,2.58319,299046,5068.58
77,0,2.40296,313109,5050.15
78,0,2.54065,322846,4966.86
79,0,2.77248,372421,4836.64
80,0,2.8326,368417,4847.59
81,0,2.79825,339500,5143.94
82,0,3.03825,396643,4896.83
83,0,3.05292,395804,5074.41
84,0,3.07716,359996,4999.94
85,0,3.29091,392183,4964.34
86,0,3.25803,408905,5111.31
87,0,3.4265,422030,5146.71
88,0,3.52025,411049,5012.79
89,0,3.77466,449292,4937.27
90,0,3.88473,430459,5005.34
91,1,1.91053,200214,4449.2
92,0,2.09306,228833,4670.06
93,0,2.00226,206832,4596.27
94,0,1.97606,199264,4744.38
95,0,2.13752,234222,4504.27
96,0,2.08517,230931,4528.06
97,0,2.10434,223088,4647.67
98,0,2.04045,232775,4750.51
99,0,2.26512,247762,4504.76
100,0,2.07677,237840,4663.53
101,0,2.23681,245611,4465.65
102,0,2.16722,251694,4494.54
103,0,2.50041,281284,4611.21
104,0,2.58398,275629,4445.63
105,0,2.66131,284102,4582.29
106,0,2.67859,301716,4437
107,0,2.69151,304308,4541.91
108,0,2.79366,305566,4560.69
109,0,2.98398,322298,4415.04
110,0,2.8454,329682,4455.16
111,0,2.98968,350886,4498.54
112,0,3.1022,349444,4423.34
113,0,3.22653,357957,4365.33
114,0,3.15843,365429,4456.45
115,0,3.38451,372017,4428.77
116,0,3.46171,405423,4406.77
117,0,3.50008,387726,4561.48
118,0,3.52413,389587,4478.01
119,0,3.64592,408958,4543.98
120,0,3.7742,403414,4482.38
121,0,3.86412,401087,4456.52
122,0,3.91713,395254,4705.4
123,0,4.19973,433033,4510.76
124,0,4.39328,434073,4617.8
125,0,4.33966,452299,4478.21
126,0,4.69767,493137,4608.76
127,1,1.94937,182688,4349.71
128,0,1.90651,194822,4427.77
129,0,1.90237,209767,4463.13
130,0,2.01817,226922,4363.88
131,0,1.98674,215463,4488.81
132,0,2.02975,223816,4476.32
133,0,2.02484,231389,4449.79
134,0,2.10106,235013,4608.1
135,0,2.05431,226651,4625.53
136,0,2.2303,232966,4567.96
137,0,2.28833,247916,4507.56
138,0,2.26938,244969,4622.06
139,0,2.48047,259328,4549.61
140,0,2.44915,263482,4542.79
141,0,2.39972,263247,4538.74
142,0,2.50788,277719,4479.34
143,0,2.67576,290665,4613.73
144,0,2.59512,286777,4552.02
145,0,2.70065,304195,4679.92
146,0,2.62086,295582,4618.47
147,0,2.73123,299884,4760.06
148,0,2.83082,314285,4690.82
149,0,3.07117,351115,4619.93
150,0,2.98516,343107,4514.57
151,0,3.12367,341057,4547.43
152,0,3.07517,345138,4861.1
153,0,3.27951,360015,4615.58
154,0,3.38626,354459,4789.99
155,0,3.53564,367681,4654.19
156,0,3.65034,374620,4802.82
157,0,3.79158,398783,4583.71
158,0,3.79383,402069,4786.54
159,1,1.69117,164119,4558.86
160,0,1.78023,204575,4352.66
161,0,1.69938,193920,4509.77
162,0,1.79421,198690,4415.33
163,0,1.80366,184851,4401.21
164,0,1.84797,196749,4471.57
165,0,1.79895,198801,4518.2
166,0,1.91163,213519,4542.96
167,0,1.99189,220280,4589.17
168,0,2.03778,206433,4587.4
169,0,2.16633,236211,4456.81
170,0,2.12461,256134,4493.58
171,0,2.27411,243694,4430.8
172,0,2.19023,245618,4634.3
173,0,2.26398,259468,4473.59
174,0,2.24141,258957,4543.11
175,0,2.43549,288360,4505.62
176,0,2.45986,269382,4565.8
177,0,2.45986,270624,4586.85
178,0,2.67576,285194,4526.89
179,0,2.73551,292402,4364.21
180,0,2.73851,302153,4578.08
181,0,2.72031,302153,4509.75
182,0,2.8163,332985,4561.44
183,0,2.63059,310956,4506.61
184,0,2.97242,351852,4398.15
185,0,2.96273,319865,4703.9
186,0,3.04057,347961,4578.43
187,0,3.14757,352084,4513.9
188,0,3.09583,359304,4727.68
189,0,3.24321,371232,4527.22
190,0,3.3593,366623,4761.34
191,0,3.46289,406158,4668.48
192,0,3.56861,402064,4675.16
193,0,3.7143,447595,4662.45
194,0,3.76572,425841,4784.73
195,0,3.89507,466348,4758.65
196,0,3.91884,470780,4707.8
197,0,4.0826,442172,4654.44
198,0,4.0826,449973,4736.56
199,0,4.1717,469683,4944.03
200,1,1.88568,229457,4882.06
201,0,2.0124,238301,4582.71
202,0,2.07815,250922,4734.38
203,0,2.12302,265111,4734.12
204,0,1.97397,241643,4832.86
205,0,2.06767,257400,4856.6
206,0,1.96021,250538,4818.04
207,0,2.0303,249827,4898.57
208,0,2.21789,268913,4802.02
209,0,2.37267,299545,5077.03
210,0,2.33976,272040,4772.63
211,0,2.54246,318786,4981.03
212,0,2.42313,292593,4796.61
213,0,2.5304,312556,4883.69
214,0,2.63713,311711,5027.6
215,0,2.61168,302237,4722.45
216,0,2.78349,338319,4571.88
217,0,2.70809,328666,4905.46
218,0,2.92899,361703,4759.25
219,0,3.2003,375411,4875.47
220,0,2.9341,358284,4714.26
221,0,3.18716,376120,4822.05
222,0,3.13123,371873,4767.6
223,0,3.25751,372589,4657.36
224,0,3.37266,395485,4822.99
225,0,3.62968,422972,4648.04
226,0,3.57,428205,4555.37
227,0,3.65287,399835,4759.94
228,0,3.98124,437779,4810.76
229,0,4.06667,458547,4631.79
230,0,4.0969,447034,4656.6
231,0,4.30978,459620,4642.63
232,0,4.47855,485653,4669.74
233,0,4.58714,502462,4567.84
234,1,1.99816,216939,4615.72
235,0,2.05345,207141,4707.75
236,0,2.31319,256569,4423.6
237,0,2.16504,255739,4566.77
238,0,2.14094,258409,4533.49
239,0,2.2771,264755,4564.74
240,0,2.35627,250798,4559.96
241,0,2.35676,282403,4554.89
242,0,2.41706,288502,4579.4
243,0,2.55819,298297,4734.87
244,0,2.5714,294971,4757.6
245,0,2.6951,326941,4604.8
246,0,2.6671,312556,4665.01
247,0,2.77865,326626,4666.09
248,0,2.78433,338796,4641.04
249,0,2.97996,340640,4731.11
250,0,2.8711,330091,4783.93
251,0,3.13085,368651,4666.47
252,0,3.17594,392038,4780.95
253,0,3.31959,395609,4600.1
254,0,3.37797,399097,4751.15
255,0,3.43974,405550,4661.49
256,0,3.56607,411971,4681.49
257,0,3.53506,410735,4832.18
258,0,3.73591,447234,4861.24
259,0,3.83227,442879,4762.14
260,0,4.07569,462977,4629.77
261,0,4.22897,469905,4946.37
262,0,4.26609,523970,4851.57
263,0,4.27907,485155,4851.55
264,0,4.50049,519506,4901
265,0,4.47349,505657,5056.57
266,0,4.7287,547109,4928.91
267,1,2.09603,222885,4953
268,0,2.25752,230503,4802.15
269,0,2.29825,248875,4786.06
270,0,2.21994,253060,4774.72
271,0,2.16237,250976,4647.7
272,0,2.14246,252888,4683.11
273,0,2.24586,227938,4849.74
274,0,2.50896,263561,4792.02
275,0,2.37722,276610,4852.81
276,0,2.48191,299246,4749.94
277,0,2.63228,308829,4825.45
278,0,2.57257,290322,4838.7
279,0,2.6248,311112,4861.12
280,0,2.8028,328010,4823.68
281,0,2.75217,313142,4970.51
282,0,2.88299,324035,4836.34
283,0,2.95947,341413,4676.89
284,0,2.91843,338301,4902.91
285,0,3.03095,361055,4879.12
286,0,3.10899,366644,4888.59
287,0,3.20473,390934,4886.68
288,0,3.32085,409428,5054.67
289,0,3.51273,418485,4755.51
290,0,3.46433,416818,5145.9
291,0,3.49236,412877,4974.42
292,0,3.68327,448210,4871.85
293,0,3.69028,428494,4982.49
294,0,3.88143,456858,4965.85
295,0,3.96979,458800,5097.78
296,0,4.10305,471723,4913.78
297,0,4.15345,452636,5085.8
298,0,4.31331,496099,5114.42
299,0,4.52649,541035,5056.4
300,0,4.50068,472600,5027.66
301,1,2.25021,258118,4693.05
302,0,2.26135,253469,4874.4
303,0,2.29528,228353,4757.35
304,0,2.4295,246126,4826
305,0,2.2603,259404,4716.44
306,0,2.28833,268208,4876.51
307,0,2.50788,288556,4654.13
308,0,2.31973,289082,4818.03
309,0,2.35622,272075,4611.44
310,0,2.47491,308045,4889.6
311,0,2.59957,309621,4763.4
312,0,2.568,290002,4754.13
313,0,2.62718,308864,4826
314,0,2.87079,334231,4642.1
315,0,2.79222,324859,4848.64
316,0,2.9935,351464,4881.44
317,0,2.97926,364298,4857.31
318,0,3.17242,398222,4797.86
319,0,3.31312,385016,4873.62
320,0,3.38562,388500,4680.72
321,0,3.39681,388471,4855.89
322,0,3.38725,402433,4679.45
323,0,3.44743,390001,4642.87
324,0,3.5479,438721,4768.71
325,0,3.80146,440563,4737.24
326,0,3.79214,430240,4727.91
327,0,3.91507,441928,4910.31
328,0,4.06876,424918,4884.11
329,0,4.04624,423617,4813.83
330,0,4.42344,450438,4692.06
331,1,1.96709,219312,4386.24
332,0,2.09055,232798,4392.42
333,0,2.17353,232732,4475.62
334,0,2.08572,211058,4588.22
335,0,2.05177,242425,4574.06
336,0,2.06367,235522,4529.27
337,0,2.13869,246260,4646.42
338,0,2.13578,248182,4772.73
339,0,2.25334,257587,4599.77
340,0,2.37792,265282,4654.07
341,0,2.37217,263910,4473.05
342,0,2.45986,267862,4540.03
343,0,2.45339,284910,4522.38
344,0,2.59736,300353,4620.82
345,0,2.58037,291491,4554.55
346,0,2.65361,319550,4377.4
347,0,2.77838,288900,4514.06
348,0,2.79037,328277,4496.95
349,0,3.10962,332964,4561.15
350,0,2.8501,339767,4530.23
351,0,2.86496,347737,4516.06
352,0,3.07064,376142,4587.1
353,0,2.95046,345296,4484.36
354,0,3.13095,361460,4575.44
355,0,3.27027,367263,4590.79
356,0,3.18719,372905,4547.62
357,0,3.24386,355170,4553.46
358,0,3.49133,442368,4608
359,0,3.4143,425538,4575.68
360,0,3.69247,422693,4594.49
361,0,3.64802,442661,4659.59
362,0,3.79628,454713,4502.11
363,0,3.93045,414042,4600.47
364,0,4.10585,496130,4510.27
365,0,4.26589,468898,4508.63
366,0,4.32789,496513,4473.09
367,0,4.28735,464844,4557.29
368,0,4.48878,493103,4482.75
369,1,2.26745,258686,4384.51
370,0,2.0807,229407,4328.43
371,0,2.31127,237739,4322.53
372,0,2.35806,260730,4274.26
373,0,2.35503,256084,4340.41
374,0,2.30409,260771,4496.05
375,0,2.30746,255672,4565.57
376,0,2.21302,268024,4621.1
377,0,2.394,287094,4485.84
378,0,2.21794,260075,4728.64
379,0,2.29039,283932,4579.55
380,0,2.2806,291037,4619.63
381,0,2.48045,294741,4534.48
382,0,2.51864,302507,4583.44
383,0,2.6734,318482,4485.66
384,0,2.72714,326591,4413.39
385,0,2.59462,315086,4566.46
386,0,2.80256,319467,4698.04
387,0,2.82852,337076,4494.35
388,0,2.96306,349690,4601.18
389,0,3.03632,359182,4434.35
390,0,3.17137,378579,4453.87
391,0,3.08278,369022,4555.83
392,0,3.34848,405045,4500.5
393,0,3.41823,390118,4589.62
394,0,3.48881,412167,4631.09
395,0,3.51778,391796,4609.36
396,0,3.78157,434847,4529.66
397,0,3.72258,412830,4691.25
398,0,3.92889,463532,4682.14
399,0,3.78844,406331,4670.47
400,0,3.99814,469882,4698.82
401,0,4.1611,478649,4692.64
402,0,4.37588,520384,4646.29
403,0,4.50303,514656,4636.54
404,0,4.77,536180,4744.96
405,1,2.11997,233955,4332.5
406,0,1.96972,213923,4551.55
407,0,2.06599,238056,4491.62
408,0,2.22852,259290,4470.52
409,0,2.09912,237893,4664.57
410,0,2.28833,250583,4556.05
411,0,2.33163,265519,4425.32
412,0,2.23681,260121,4729.47
413,0,2.39551,285790,4763.17
414,0,2.43711,301334,4565.67
415,0,2.57277,290556,4539.94
416,0,2.72058,305192,4423.07
417,0,2.71851,303080,4523.58
418,0,2.70687,306625,4645.83
419,0,2.90928,325145,4579.51
420,0,3.12925,341821,4747.51
421,0,2.91785,315980,4716.12
422,0,3.03953,353346,4530.08
423,0,3.25629,372438,4774.85
424,0,3.12152,360565,4872.5
425,0,3.30097,368795,4609.94
426,0,3.46257,374349,4679.36
427,0,3.58656,403862,4751.32
428,0,3.61715,400835,4503.76
429,0,3.84372,398116,4796.58
430,0,3.95609,419597,4768.15
431,0,3.9366,377581,4903.65
432,1,2.05402,190208,4322.91
433,0,1.77763,192561,4478.16
434,0,1.81897,206789,4495.41
435,0,1.7769,161585,4367.16
436,0,1.99461,190468,4328.82
437,0,1.9395,198854,4519.41
438,0,1.98031,216568,4511.83
439,0,1.92492,213041,4532.79
440,0,1.99314,218101,4543.77
441,0,2.05828,215510,4489.79
442,0,2.18621,251866,4579.38
443,0,2.19819,250555,4555.55
444,0,2.31337,268000,4542.37
445,0,2.37722,256472,4499.51
446,0,2.3674,275940,4523.61
447,0,2.54599,287244,4488.19
448,0,2.55039,299890,4543.79
449,0,2.50615,278412,4419.24
450,0,2.6539,290899,4475.37
451,0,2.70001,302954,4521.7
452,0,2.84925,319038,4493.49
453,0,2.78574,311907,4586.87
454,0,3.09379,355679,4502.27
455,0,2.9425,330432,4526.47
456,0,3.21909,356878,4517.44
457,0,3.21644,372557,4715.91
458,0,3.26642,386444,4712.73
459,0,3.44343,403426,4637.08
460,0,3.52478,414849,4714.19
461,0,3.51835,389487,4868.59
462,0,3.64285,427741,4700.45
463,0,3.72684,400601,4769.06
464,0,4.00548,457968,4625.94
465,0,4.03895,432610,4702.28
466,1,2.06769,221856,4720.34
467,0,1.93368,218323,4455.57
468,0,2.02938,212203,4613.11
469,0,1.99983,222707,4639.73
470,0,1.94949,231539,4630.78
471,0,1.94344,216730,4711.52
472,0,1.95802,226308,4714.75
473,0,2.23681,250447,4553.58
474,0,2.09061,249987,4716.74
475,0,2.04755,234406,4783.8
476,0,2.25256,264675,4726.34
477,0,2.27411,251183,4566.96
478,0,2.27456,259417,4632.45
479,0,2.42376,277635,4551.39
480,0,2.53867,293830,4520.46
481,0,2.60639,293240,4654.6
482,0,2.65579,294915,4608.05
483,0,2.63311,302692,4517.79
484,0,2.76594,316357,4519.39
485,0,2.86231,322250,4670.29
486,0,2.83993,312518,4664.45
487,0,2.91709,320590,4646.23
488,0,3.10702,356250,4509.49
489,0,3.07814,336604,4740.9
490,0,3.10891,345746,4672.24
491,0,3.32311,366610,4640.63
492,0,3.38023,382578,4554.5
493,0,3.35257,363579,4661.27
494,0,3.59033,377332,4546.17
495,0,3.60992,401356,4721.84
496,0,3.71152,405854,4774.75
497,0,3.91487,405432,4769.79
498,0,4.00921,432166,4697.46
499,0,4.01406,429673,4670.36
500,0,4.17206,412863,4745.55
501,1,1.91208,213406,4540.55
502,0,2.08303,219957,4399.14
503,0,2.08881,218677,4652.7
504,0,1.98405,223297,4465.94
505,0,2.13957,237351,4564.44
506,0,2.21073,225388,4599.76
507,0,2.21489,229912,4692.08
508,0,2.22725,249751,4625.02
509,0,2.36525,269276,4487.93
510,0,2.09087,235828,4624.08
511,0,2.40945,279060,4651
512,0,2.41775,280689,4757.44
513,0,2.37722,281780,4943.51
514,0,2.48386,294045,4900.75
515,0,2.67711,302271,4579.86
516,0,2.64523,310990,4641.64
517,0,2.58843,302030,4871.45
518,0,2.56556,311980,4799.69
519,0,2.72562,328660,4905.37
520,0,2.89812,359581,4859.2
521,0,2.82865,343267,4903.81
522,0,2.85215,341077,4872.53
523,0,2.88789,366099,4817.09
524,0,2.99911,337225,4959.19
525,0,3.05786,370592,4876.21
526,0,3.15854,378894,4985.45
527,0,3.29468,399497,4871.91
528,0,3.45593,395893,4948.66
529,0,3.41025,404088,4868.53
530,0,3.52531,407639,4795.75
531,0,3.69332,419227,5050.93
532,0,3.76444,409777,4937.07
533,0,3.96714,413339,4806.27
534,0,4.01276,445291,4893.31
535,1,1.91981,227286,4735.12
536,0,1.93049,219366,4667.36
537,0,1.93222,201779,4692.53
538,0,1.83481,223293,4651.94
539,0,1.92653,220956,4803.39
540,0,1.7583,216328,4916.55
541,0,1.89199,235546,4907.21
542,0,2.02975,240887,4817.74
543,0,1.88099,222975,4955
544,0,2.17395,248268,4774.38
545,0,2.09087,251874,4938.71
546,0,2.14513,255837,4919.94
547,0,2.20276,280829,5014.8
548,0,2.11977,250404,5110.29
549,0,2.36912,282329,4705.48
550,0,2.42462,312545,4735.53
551,0,2.53867,308489,4745.98
552,0,2.51204,314050,4551.45
553,0,2.54345,317610,4603.04
554,0,2.63201,310704,4780.06
555,0,2.77964,319809,4920.14
556,0,2.66841,330777,4793.87
557,0,2.80269,352363,4761.66
558,0,2.87216,358620,4846.22
559,0,2.80214,348072,4768.11
560,0,2.97995,355675,5009.51
561,0,3.12771,353869,4847.52
562,0,3.18286,400479,5069.35
563,0,3.23849,410509,4945.89
564,0,3.38956,427390,5087.98
565,0,3.41001,442647,5030.08
566,0,3.44973,429053,5169.31
567,0,3.55954,467051,5132.43
568,0,3.62484,442859,5149.52
569,0,3.73665,475571,5169.25
570,0,3.73554,466111,5237.2
571,0,3.94071,482133,5240.58
572,0,4.03383,478369,5089.03
573,0,4.26461,530064,5048.23
574,0,4.48983,545054,5142.02
575,0,4.67061,554158,5037.8
576,0,4.85512,557648,4891.65
577,1,2.14246,270145,5002.69
578,0,2.15696,238603,5187.02
579,0,2.15649,277480,5045.09
580,0,2.16237,276785,5125.65
581,0,2.19555,277806,5144.56
582,0,2.37128,292214,5126.56
583,0,2.29967,295760,5188.77
584,0,2.39743,303958,5151.83
585,0,2.32242,303770,5237.41
586,0,2.52505,328404,5131.31
587,0,2.51024,316458,5104.16
588,0,2.59053,311254,5102.52
589,0,2.5712,333753,5134.66
590,0,2.64777,326502,5352.49
591,0,2.81423,351049,5239.54
592,0,2.71917,363810,5052.92
593,0,2.90926,365382,5074.75
594,0,3.08928,375139,5138.89
595,0,3.07889,390965,5212.87
596,0,2.91056,372502,5321.46
597,0,3.17311,398931,5180.92
598,0,3.15421,402941,5165.91
599,0,3.39505,429813,5178.47
600,0,3.44514,437329,5206.3
601,0,3.61953,462976,4925.28
602,0,3.61207,456435,5246.38
603,0,3.74527,489590,5047.32
604,0,3.79074,462086,5134.29
605,0,4.0677,519223,5090.42
606,0,4.10733,523435,5081.89
607,0,4.03736,489595,5208.46
608,0,4.31661,503459,5085.44
609,0,4.47164,537536,5119.39
610,0,4.41881,516492,5270.33
611,0,4.78767,530502,5100.98
612,1,2.09055,259167,4889.94
613,0,2.0815,237253,4942.77
614,0,2.20017,231932,4934.72
615,0,2.22758,276603,4769.02
616,0,2.08641,242377,4946.47
617,0,2.30123,256778,4844.87
618,0,2.32199,235978,4815.88
619,0,2.34759,277887,5052.49
620,0,2.38785,291048,4850.8
621,0,2.44754,295363,4842.02
622,0,2.49504,298549,4894.25
623,0,2.39423,291866,5032.17
624,0,2.5723,311961,4951.76
625,0,2.82462,339667,4922.71
626,0,2.73858,324293,4840.19
627,0,2.80657,336551,5099.26
628,0,2.80111,338835,4982.87
629,0,2.90097,345007,5073.63
630,0,3.0991,366278,4949.7
631,0,3.00642,348289,5121.9
632,0,3.18604,390944,5012.1
633,0,3.29059,396960,5089.23
634,0,3.39906,347536,5187.1
635,0,3.52044,407563,5094.54
636,0,3.58286,385698,5009.06
637,0,3.6219,433921,5165.73
638,0,3.8173,452827,4922.03
639,0,3.98795,439670,5053.68
640,1,1.71128,213767,4750.38
641,0,1.80255,212238,4935.77
642,0,1.79105,225475,5010.56
643,0,1.82901,225828,5018.4
644,0,1.67963,210108,5124.59
645,0,1.90033,241774,5036.96
646,0,1.88781,239866,5103.53
647,0,2.02657,268220,5060.75
648,0,2.19566,271896,5035.11
649,0,2.02398,240377,5007.85
650,0,2.06492,271315,5024.35
651,0,2.11491,272444,4953.53
652,0,2.32389,289818,4912.17
653,0,2.27781,285474,5097.75
654,0,2.32389,293044,4966.85
655,0,2.41527,308137,4969.95
656,0,2.5477,308979,4983.53
657,0,2.50041,312189,5117.85
658,0,2.5514,324564,4993.29
659,0,2.59512,312334,4957.68
660,0,2.85364,341403,4877.19
661,0,2.93604,374073,4795.81
662,0,2.97954,359093,5057.65
663,0,3.15421,384163,4925.17
664,0,3.27121,383328,4791.6
665,0,3.22197,380312,5004.11
666,0,3.28841,383911,4921.94
667,0,3.4119,394398,4929.98
668,0,3.60762,410043,4767.94
669,0,3.73452,403238,4688.81
670,0,3.8198,411518,4785.09
671,0,4.02143,404723,4935.65
672,1,1.83888,182579,4681.51
673,0,1.79593,177271,4665.03
674,0,1.85833,215727,4589.94
675,0,1.81401,210836,4685.24
676,0,1.85344,204203,4748.91
677,0,1.85986,208352,4735.27
678,0,1.89816,212969,4732.64
679,0,1.99074,213378,4638.65
680,0,1.98928,214164,4556.68
681,0,2.03769,226410,4620.61
682,0,2.17574,244166,4283.61
683,0,2.37122,264714,4564.03
684,0,2.28507,259601,4720.02
685,0,2.24376,247549,4670.74
686,0,2.31841,255447,4730.5
687,0,2.54309,278473,4641.22
688,0,2.50788,286430,4619.84
689,0,2.68419,303381,4461.49
690,0,2.72955,296250,4557.69
691,0,2.62364,289621,4597.16
692,0,2.88673,315146,4377.03
693,0,2.91938,318428,4614.9
694,0,2.94887,335080,4467.73
695,0,3.09323,326697,4414.82
696,0,3.19576,359981,4556.72
697,0,3.26981,327708,4615.61
698,0,3.25547,328996,4506.79
699,0,3.39774,335508,4533.89
700,1,1.46478,154473,4413.51
701,0,1.56074,160633,4341.43
702,0,1.51669,162745,4398.51
703,0,1.54769,176890,4535.64
704,0,1.55079,152363,4617.06
705,0,1.41602,170112,4725.33
706,0,1.55674,173949,4577.61
707,0,1.57277,178018,4684.68
708,0,1.672,203007,4511.27
709,0,1.6863,203484,4844.86
710,0,1.64712,192140,4803.5
711,0,1.81401,207229,4605.09
712,0,1.83252,205518,4670.86
713,0,1.80784,220425,4689.89
714,0,1.92492,224219,4770.62
715,0,2.02223,248404,4777
716,0,2.09087,240973,4724.96
717,0,2.19518,270629,4666.02
718,0,2.27267,260534,4736.98
719,0,2.07768,252321,4587.65
720,0,2.229,261967,4942.77
721,0,2.30949,258394,4614.18
722,0,2.4751,293660,4814.1
723,0,2.49841,293135,4652.94
724,0,2.49736,299627,4681.67
725,0,2.57659,307609,4660.74
726,0,2.66594,322037,4667.2
727,0,2.61037,303404,4667.75
728,0,2.62857,310409,4632.97
729,0,2.71446,323650,4623.57
730,0,2.95816,337218,4557
731,0,3.00145,359517,4609.19
732,0,3.06764,353669,4534.22
733,0,2.98722,342279,4688.75
734,0,3.27498,369020,4731.03
735,0,3.23856,396548,4665.27
736,0,3.58812,417287,4585.57
737,0,3.53601,392090,4559.19
738,0,3.57065,403804,4695.4
739,0,3.81796,431494,4639.72
740,0,3.96037,443376,4667.12
741,0,4.08803,457932,4625.58
742,0,4.11967,455050,4790
743,0,4.28488,453243,4821.73
744,1,1.86248,223492,4755.15
745,0,1.99331,236220,4820.82
746,0,2.0124,248818,4784.96
747,0,1.97058,238073,4858.63
748,0,1.99996,238514,4867.63
749,0,1.88295,235030,4896.46
750,0,1.98405,248920,4978.4
751,0,2.01817,256212,4927.15
752,0,2.32763,285606,4924.24
753,0,2.07966,259404,4988.54
754,0,2.33519,286020,4931.38
755,0,2.24141,274782,4820.74
756,0,2.42661,296111,4775.98
757,0,2.51661,323785,4761.54
758,0,2.41299,287471,4956.4
759,0,2.71267,320521,4713.54
760,0,2.79851,311737,4870.89
761,0,2.71846,329870,4923.43
762,0,2.87413,355332,4737.76
763,0,2.95287,379264,4800.81
764,0,2.9467,372434,4836.81
765,0,3.13854,401421,4778.82
766,0,3.12771,400304,4709.46
767,0,3.15742,375642,4878.47
768,0,3.3644,425693,4783.07
769,0,3.43078,397951,4974.39
770,0,3.56403,420752,4836.23
771,0,3.46287,403588,4862.51
772,0,3.68863,408645,4923.43
773,0,3.85371,413433,4921.82
774,0,3.77093,425923,4732.48
775,0,4.12079,442127,4703.48
776,0,4.14465,452946,4718.19
777,1,1.94111,228703,4667.41
778,0,2.01176,234623,4600.45
779,0,2.05932,234765,4603.24
780,0,2.01882,240676,4719.14
781,0,2.02094,240756,4629.92
782,0,2.03077,240506,4715.8
783,0,2.14651,259672,4721.31
784,0,2.2233,281881,4698.02
785,0,2.29437,259354,4802.85
786,0,2.35247,277216,4863.44
787,0,2.22598,269966,4736.25
788,0,2.3926,277538,4704.03
789,0,2.46561,318795,4688.16
790,0,2.69151,321938,4805.04
791,0,2.52368,288433,4728.41
792,0,2.62412,319091,4909.09
793,0,2.7976,331198,4799.97
794,0,2.72417,333979,4840.28
795,0,2.79335,341168,5017.18
796,0,2.847,341891,4954.94
797,0,2.90952,363598,4980.79
798,0,3.0781,366333,4820.17
799,0,2.9882,370942,4880.82
800,0,3.26161,414062,4988.7
801,0,3.36552,424857,4940.2
802,0,3.27951,393006,5038.54
803,0,3.34376,407365,4967.87
804,0,3.52805,467577,4870.59
805,0,3.65462,447665,4919.4
806,0,3.6181,438573,4873.03
807,0,3.69953,493819,4841.36
808,0,3.92217,487896,5135.75
809,0,3.88674,459008,5216
810,0,4.07792,511954,5068.85
811,0,4.18295,545978,4918.72
812,0,4.34519,537115,4973.29
813,0,4.68111,568004,4939.17
814,0,4.49275,578833,5033.33
815,0,4.65809,574445,5128.97
816,1,2.24005,273831,4978.75
817,0,2.36216,303513,5058.55
818,0,2.51079,314224,4909.75
819,0,2.4396,305651,4929.85
820,0,2.41431,305826,5097.1
821,0,2.47125,305617,4929.31
822,0,2.39318,308767,5233.34
823,0,2.27904,326105,5345.98
824,0,2.52363,327179,5193.32
825,0,2.57882,333877,5385.11
826,0,2.87125,377246,5167.75
827,0,2.82728,357781,5185.23
828,0,2.84272,379382,5269.19
829,0,2.95358,383396,5252
830,0,3.10324,405251,5195.53
831,0,3.05192,417025,5346.47
832,0,3.30779,443425,5342.47
833,0,3.24858,432653,5276.26
834,0,3.37746,462458,5255.2
835,0,3.62028,481684,5293.23
836,0,3.57004,463041,5447.54
837,0,3.57796,496014,5276.74
838,0,3.94865,508698,5354.72
839,0,4.08778,543158,5377.8
840,0,4.03662,510227,5370.81
841,0,4.26763,553058,5317.87
842,0,4.2938,547318,5473.18
843,0,4.28885,563645,5368.05
844,0,4.66493,625093,5483.27
845,0,4.82779,620571,5259.08
846,1,2.25239,291118,5198.54
847,0,2.30777,287989,5236.16
848,0,2.38437,274547,5180.13
849,0,2.38179,266336,5222.27
850,0,2.39731,307394,5210.07
851,0,2.45737,306634,5286.79
852,0,2.39684,318654,5223.84
853,0,2.36832,276923,5325.44
854,0,2.60861,304034,5527.89
855,0,2.54345,312520,5482.81
856,0,2.78841,377266,5239.81
857,0,2.80354,364891,5139.31
858,0,2.7671,372661,5175.85
859,0,2.94095,349368,5374.89
860,0,3.01031,387055,5230.47
861,0,3.08082,398594,5244.66
862,0,3.18774,412288,5089.98
863,0,3.08876,390033,5270.72
864,0,3.4295,438939,5225.46
865,0,3.49998,435209,5120.11
866,0,3.60234,473622,5092.71
867,0,3.76275,484266,5151.77
868,0,3.84694,466860,4966.6
869,0,3.7605,456007,5066.74
870,0,3.86067,457710,5029.78
871,0,4.09773,507610,5179.69
872,0,4.14806,494918,5155.4
873,0,4.2905,539531,5289.52
874,0,4.49395,511325,5326.3
875,1,2.03976,246425,4831.86
876,0,2.0519,261924,4941.96
877,0,2.09822,253514,4875.27
878,0,2.18366,267210,4948.33
879,0,2.13998,258466,4876.72
880,0,2.25781,275709,4923.38
881,0,2.26691,259133,4983.33
882,0,2.31393,275108,5001.96
883,0,2.33843,256133,5122.66
884,0,2.41975,303391,4893.4
885,0,2.48536,298010,4885.41
886,0,2.61416,306381,5022.64
887,0,2.42042,285449,4921.53
888,0,2.77271,298249,4970.82
889,0,2.71128,336143,4802.04
890,0,2.60478,319724,4918.83
891,0,2.92326,343470,4906.71
892,0,3.01103,343697,4981.12
893,0,3.15437,365814,4750.83
894,0,3.09785,358786,5053.32
895,0,3.1886,380829,5010.91
896,0,3.23191,356475,5020.77
897,0,3.41485,405883,5010.9
898,0,3.52403,396050,4889.51
899,0,3.51131,398007,5102.65
900,1,1.5556,181862,4785.84
901,0,1.79547,209607,4657.93
902,0,1.75867,212223,4716.07
903,0,1.80872,192208,4928.41
904,0,1.67483,180958,4890.76
905,0,1.7128,207426,4938.71
906,0,1.75926,204548,4988.98
907,0,1.78019,201740,4803.33
908,0,1.74359,211179,5028.07
909,0,1.86172,223512,4858.96
910,0,1.92165,221015,4804.67
911,0,1.82532,207380,4937.62
912,0,1.90033,242112,5044
913,0,2.08089,251890,4939.02
914,0,2.11118,268412,4970.59
915,0,2.24676,276937,4774.78
916,0,2.16633,261306,4930.3
917,0,2.21933,268706,4798.32
918,0,2.25882,272604,4956.44
919,0,2.4089,293064,4884.4
920,0,2.46631,289534,4825.57
921,0,2.46076,281013,4762.93
922,0,2.59841,298829,4898.84
923,0,2.66392,315374,4778.39
924,0,2.72773,343937,4844.18
925,0,2.77109,329851,4923.15
926,0,2.93308,335471,4933.4
927,0,3.07767,356744,4820.86
928,0,3.16743,334720,4781.71
929,0,3.17496,356670,4819.86
930,0,3.36085,380203,4937.7
931,0,3.55262,417179,5026.25
932,0,3.52474,404646,5122.1
933,0,3.58768,421267,4956.08
934,0,3.74856,429581,4881.6
935,0,3.77475,446888,5136.64
936,1,1.88908,222276,4939.47
937,0,1.94575,217327,4939.25
938,0,2.03125,223531,4967.36
939,0,2.03568,233659,5192.42
940,0,1.90422,239070,5086.6
941,0,1.97397,262706,5254.12
942,0,2.01176,263931,5175.12
943,0,2.02975,263529,5270.58
944,0,2.12844,284496,5172.65
945,0,2.00881,282421,5431.17
946,0,2.23942,303722,5423.61
947,0,2.25905,311600,5466.67
948,0,2.30305,331366,5432.23
949,0,2.33843,277380,5547.6
950,0,2.60977,330866,5514.43
951,0,2.6447,315307,5531.7
952,0,2.5877,377051,5544.87
953,0,2.69791,371436,5462.29
954,0,2.66708,376013,5449.46
955,0,2.69294,341735,5792.12
956,0,2.89663,418050,5429.22
957,0,3.0554,374817,5679.05
958,0,3.19136,400387,5719.81
959,0,3.15921,450855,5498.23
960,0,3.33603,430412,5448.25
961,0,3.32512,413343,5662.23
962,0,3.55552,472470,5430.69
963,0,3.59195,483426,5556.62
964,1,1.643,215267,5519.67
965,0,1.66552,213304,5613.26
966,0,1.64435,209328,5367.38
967,0,1.72869,233463,5305.98
968,0,1.72398,236458,5499.02
969,0,1.8187,234320,5449.3
970,0,1.66084,233211,5552.64
971,0,1.83252,240160,5458.18
972,0,1.82947,224457,5755.31
973,0,1.8047,238872,5687.43
974,0,1.91017,271256,5651.17
975,0,1.99986,273634,5700.71
976,0,2.06319,293696,5438.81
977,0,2.2346,306108,5277.72
978,0,2.15228,299095,5538.8
979,0,2.1961,309767,5632.13
980,0,2.13443,315991,5543.7
981,0,2.32389,336300,5700
982,0,2.44118,332904,5548.4
983,0,2.4179,319169,5502.91
984,0,2.4521,340366,5489.77
985,0,2.47394,352120,5589.21
986,0,2.69151,377775,5638.43
987,0,2.64737,373720,5662.42
988,0,2.72866,391655,5595.07
989,0,2.77923,402877,5518.86
990,0,2.88354,413710,5443.55
991,0,2.8314,411215,5556.96
992,0,2.8896,404148,5388.64
993,0,3.16283,448210,5533.46
994,0,3.07277,456592,5568.2
995,0,3.15205,453833,5672.91
996,0,3.25439,463560,5722.96
997,0,3.36686,493170,5604.2
998,0,3.58033,504683,5545.97
999,0,3.68819,506399,5626.66
1000,0,3.6857,532543,5547.32
1001,0,3.92285,514558,5359.98
1002,0,4.0338,548913,5658.9
1003,0,4.19016,562427,5624.27
1004,1,1.84815,255790,5560.65
1005,0,1.73825,233967,5706.51
1006,0,1.98814,258143,5611.8
1007,0,1.83481,264457,5509.52
1008,0,1.87523,257695,5602.07
1009,0,1.84297,251478,5588.4
1010,0,1.84231,258812,5626.35
1011,0,1.98303,273653,5584.76
1012,0,2.08256,281213,5407.94
1013,0,2.18025,303226,5414.75
1014,0,2.09224,291845,5612.4
1015,0,2.33976,320946,5630.63
1016,0,2.22916,323943,5310.54
1017,0,2.4119,331746,5265.81
1018,0,2.28577,330142,5412.16
1019,0,2.45628,349938,5467.78
1020,0,2.55211,348866,5537.56
1021,0,2.5542,362486,5410.24
1022,0,2.57623,366065,5383.31
1023,0,2.50788,338974,5467.32
1024,0,2.7815,395947,5279.29
1025,0,2.85944,383407,5325.1
1026,0,2.94548,402437,5365.83
1027,0,2.97583,405281,5263.39
1028,0,2.8652,401320,5280.53
1029,0,3.06636,423987,5366.92
1030,0,3.27832,458153,5327.36
1031,0,3.31755,470019,5341.12
1032,0,3.19046,440829,5375.96
1033,0,3.33258,465772,5292.86
1034,0,3.5662,485575,5335.99
1035,0,3.63237,498312,5416.43
1036,0,3.65222,476718,5543.23
1037,0,3.97592,532734,5222.88
1038,0,3.92584,543188,5378.1
1039,0,4.0821,558572,5370.88
1040,0,4.24004,583519,5304.72
1041,0,4.49976,561153,5395.7
1042,0,4.47224,607557,5237.56
1043,0,4.74282,622219,5185.16
1044,0,4.99833,655631,5287.35
1045,0,4.88218,645469,5378.91
1046,1,2.59957,346925,5337.31
1047,0,2.64779,339591,5145.32
1048,0,2.777,360851,5229.72
1049,0,2.71648,365528,5221.83
1050,0,2.75965,339004,5381.02
1051,0,2.80364,366828,5166.59
1052,0,2.9452,391681,5086.77
1053,0,3.08876,389289,5260.66
1054,0,3.10051,409855,5059.94
1055,0,3.29105,408838,5241.51
1056,0,3.28495,431690,5019.65
1057,0,3.2644,433312,4924
1058,0,3.28312,439510,4994.43
1059,0,3.61167,471450,5124.46
1060,0,3.53244,459705,4996.79
1061,0,3.74484,463125,5145.83
1062,0,3.72963,460156,4947.91
1063,0,3.88288,493373,5193.4
1064,0,4.00263,496435,5281.22
1065,0,4.07793,501041,5165.37
1066,0,4.33487,530293,5198.95
1067,0,4.37137,523375,5131.13
1068,0,4.48665,550568,5194.04
1069,1,2.17256,262067,4944.66
1070,0,2.14322,261107,5119.75
1071,0,2.229,267741,4958.17
1072,0,2.26771,294663,5080.4
1073,0,2.18622,253132,5165.96
1074,0,2.2357,301740,5114.24
1075,0,2.42827,302589,5128.63
1076,0,2.42827,311578,5280.98
1077,0,2.47679,311075,5184.58
1078,0,2.50109,322996,5209.61
1079,0,2.60002,337144,5267.88
1080,0,2.68611,365586,5222.66
1081,0,2.79203,358861,5277.37
1082,0,2.79203,361667,5318.63
1083,0,2.9979,390781,5280.82
1084,0,2.9889,397766,5233.76
1085,0,3.0034,399531,5327.08
1086,0,3.01871,415735,5329.94
1087,0,3.2151,426534,5077.79
1088,0,3.10359,398682,5177.69
1089,0,3.33527,446184,5188.19
1090,0,3.37785,445244,5364.39
1091,0,3.67254,457244,5316.79
1092,0,3.80378,492418,5129.35
1093,0,3.91759,507247,5123.71
1094,0,3.92177,480816,5283.69
1095,0,3.90838,521229,5318.66
1096,0,4.2195,542038,5314.1
1097,0,4.37271,553927,5275.5
1098,0,4.47044,559976,5282.79
1099,0,4.53006,589229,5308.37
1100,0,4.83089,592074,5286.38
1101,1,1.97136,222330,5170.47
1102,0,1.89945,253151,5273.98
1103,0,2.05614,244082,5085.04
1104,0,2.13396,270133,5002.46
1105,0,2.07815,262485,4952.55
1106,0,2.13325,261462,5126.71
1107,0,2.11782,272476,5239.92
1108,0,2.21342,274640,5085.93
1109,0,2.29752,281007,5109.22
1110,0,2.45986,297294,5038.88
1111,0,2.50606,316655,5026.27
1112,0,2.37809,298222,5054.61
1113,0,2.58974,330875,5013.26
1114,0,2.60958,342351,5109.72
1115,0,2.63542,352349,5033.56
1116,0,2.77446,335140,5077.88
1117,0,2.76936,363198,5188.54
1118,0,2.9141,355170,5301.04
1119,0,2.85755,356860,5171.88
1120,0,3.03637,396009,5142.97
1121,0,3.0105,378378,4978.66
1122,0,3.0159,380624,5074.99
1123,0,3.23988,436155,5013.28
1124,0,3.30661,436152,4900.58
1125,0,3.48716,439586,5111.47
1126,0,3.55454,423539,5042.13
1127,0,3.50944,443951,4878.58
1128,0,3.64764,480609,5006.34
1129,0,3.72095,495508,4955.08
1130,0,3.92604,497205,4972.05
1131,0,4.05991,490667,4956.23
1132,0,4.15758,468445,4983.46
1133,0,4.29605,508016,5080.16
1134,0,4.34483,511034,5110.34
1135,0,4.58828,520201,5001.93
1136,0,4.76999,540240,4867.03
1137,1,2.19249,258818,4621.75
1138,0,2.05486,244500,4701.92
1139,0,2.017,254821,4807.94
1140,0,2.14842,262088,4765.24
1141,0,2.07073,261134,4835.81
1142,0,2.23214,277559,4785.5
1143,0,2.28833,264196,4803.56
1144,0,2.35033,276578,4768.59
1145,0,2.43419,274126,4809.23
1146,0,2.41891,281752,4695.87
1147,0,2.50041,293615,4813.36
1148,0,2.69278,324075,4629.64
1149,0,2.74949,350159,4863.32
1150,0,2.89892,357069,4760.92
1151,0,2.77075,337820,4826
1152,0,2.89826,341741,4813.25
1153,0,3.0821,371999,4592.58
1154,0,3.19451,389952,4814.22
1155,0,3.16896,395366,4706.74
1156,0,3.21948,392522,4845.95
1157,0,3.29579,389183,4633.13
1158,0,3.50268,428010,4755.67
1159,0,3.52731,407011,4845.37
1160,0,3.83527,446220,4747.02
1161,0,3.78589,452386,4712.35
1162,0,3.94245,481955,4868.23
1163,0,4.06073,501066,4961.05
1164,0,4.17675,487145,4920.66
1165,0,4.31936,472049,4866.48
1166,1,2.04651,246819,4839.59
1167,0,2.0496,256634,4842.15
1168,0,2.05147,252168,4849.38
1169,0,2.11663,251697,4935.24
1170,0,2.06971,237232,4942.33
1171,0,2.14688,280221,5003.95
1172,0,2.26248,248063,4961.26
1173,0,2.35786,280852,4842.28
1174,0,2.33081,296089,4934.82
1175,0,2.22852,280965,4844.22
1176,0,2.44171,295966,4851.9
1177,0,2.5627,298061,4886.25
1178,0,2.54719,317316,4958.06
1179,0,2.59059,329406,4916.51
1180,0,2.73746,338768,4909.68
1181,0,2.81858,362649,4967.79
1182,0,2.95203,372160,4833.25
1183,0,2.88359,366926,5026.38
1184,0,2.83879,341175,4944.57
1185,0,3.03315,400680,4886.34
1186,0,3.18884,354026,4986.28
1187,0,3.19504,383241,5109.88
1188,0,3.52887,452832,4817.36
1189,0,3.53647,444993,4890.03
1190,0,3.58485,467400,4769.39
1191,0,3.79316,477798,4875.49
1192,0,3.75318,462689,4870.41
1193,0,3.95712,469737,4893.09
1194,0,4.09875,479401,5154.85
1195,1,1.91906,223082,4746.43
1196,0,1.99886,226649,4532.98
1197,0,1.85074,214980,4885.91
1198,0,1.80984,225394,4899.87
1199,0,1.82407,220065,4784.02
1200,0,1.85154,243040,4960
1201,0,1.98303,239361,4884.92
1202,0,1.93366,246950,4939
1203,0,2.04651,245246,4808.75
1204,0,2.05119,253932,4883.31
1205,0,2.06463,244202,4884.04
1206,0,2.22164,260926,4659.39
1207,0,2.31574,286023,4688.9
1208,0,2.33429,278848,4726.24
1209,0,2.29369,289941,4914.25
1210,0,2.38777,286930,4863.22
1211,0,2.48292,315791,4643.99
1212,0,2.4433,294912,4537.11
1213,0,2.60159,323510,4757.5
1214,0,2.59059,320626,4785.46
1215,0,2.79331,350167,4731.99
1216,0,2.84881,344073,4649.64
1217,0,2.87729,357270,4700.92
1218,0,2.76955,347967,4832.88
1219,0,2.99296,383397,4733.3
1220,0,3.12601,388213,4677.27
1221,0,3.17905,373996,4674.95
1222,0,3.3196,400733,4606.13
1223,0,3.36425,406900,4623.86
1224,0,3.35779,434048,4717.91
1225,0,3.43026,415357,4774.22
1226,0,3.64276,442388,4656.72
1227,0,3.67025,460877,4751.31
1228,0,3.84063,468920,4784.9
1229,0,4.05337,503305,4703.79
1230,0,4.01396,476782,4720.61
1231,0,4.08043,479917,4705.07
1232,0,4.21138,489304,4844.59
1233,0,4.45737,498762,4705.3
1234,0,4.64171,538018,4598.44
1235,0,4.81388,561326,4717.03
1236,0,4.96198,555285,4786.94
1237,1,2.12447,245602,4634
1238,0,2.31166,278908,4427.11
1239,0,2.28739,265944,4665.68
1240,0,2.21403,263786,4548.03
1241,0,2.38052,292380,4498.15
1242,0,2.47679,287115,4785.25
1243,0,2.26932,276000,4842.11
1244,0,2.27207,289608,4826.8
1245,0,2.50723,313350,4747.73
1246,0,2.45764,307020,4873.33
1247,0,2.68909,333614,4834.99
1248,0,2.76583,327139,4673.41
1249,0,2.85308,353244,4773.57
1250,0,3.03219,341960,4499.47
1251,0,3.06324,364251,4730.53
1252,0,3.20456,374870,4628.02
1253,0,3.10237,363884,4725.77
1254,0,2.98592,382985,4910.06
1255,0,3.27217,425969,4840.56
1256,0,3.45285,434225,4669.09
1257,0,3.4785,392898,4791.44
1258,0,3.46491,467484,4770.24
1259,0,3.75586,429921,4830.57
1260,0,3.74263,454342,4885.4
1261,0,3.94224,493493,4838.17
1262,0,4.16346,502618,4832.87
1263,0,4.13399,479064,4839.03
1264,0,4.37569,520062,4860.39
1265,0,4.39325,518046,4981.21
1266,1,2.04709,247811,4765.6
1267,0,2.05069,254259,4708.5
1268,0,2.13994,244754,4799.1
1269,0,2.09756,245372,4718.69
1270,0,2.15587,247084,4661.96
1271,0,2.26512,255979,4654.16
1272,0,2.26929,265089,4650.68
1273,0,2.36311,258708,4703.78
1274,0,2.47679,279546,4659.1
1275,0,2.42827,271420,4600.34
1276,0,2.47895,284678,4666.85
1277,0,2.56884,294783,4466.41
1278,0,2.73167,309604,4422.91
1279,0,2.68909,314386,4556.32
1280,0,2.77257,325605,4718.91
1281,0,2.8671,325276,4646.8
1282,0,2.96938,347328,4510.75
1283,0,2.93263,328535,4562.99
1284,0,3.17,364168,4441.07
1285,0,3.20367,378318,4503.79
1286,0,3.37808,394369,4585.69
1287,0,3.31356,405115,4656.49
1288,0,3.39455,381900,4714.81
1289,0,3.58717,419835,4563.42
1290,0,3.66868,406498,4672.39
1291,0,3.77325,434857,4626.14
1292,0,3.9068,425385,4623.75
1293,0,4.1209,428967,4422.34
1294,0,4.09737,439369,4576.76
1295,0,4.31347,457427,4528.98
1296,1,1.94433,228587,4482.1
1297,0,1.99628,229344,4410.46
1298,0,1.94815,227081,4452.57
1299,0,2.17053,253943,4455.14
1300,0,2.16563,256167,4574.41
1301,0,2.06448,229562,4684.94
1302,0,2.05676,261053,4661.66
1303,0,2.15179,262263,4683.27
1304,0,2.1961,261781,4759.65
1305,0,2.25265,266292,4671.79
1306,0,2.32763,273965,4723.53
1307,0,2.20013,279106,4730.61
1308,0,2.51229,298975,4745.63
1309,0,2.48004,300170,4618
1310,0,2.50795,312846,4600.68
1311,0,2.61536,304729,4688.14
1312,0,2.77076,336255,4803.64
1313,0,2.88821,339002,4774.68
1314,0,2.89837,345934,4941.91
1315,0,2.89776,328040,4896.12
1316,0,3.02155,381926,4715.14
1317,0,3.14612,400956,4717.13
1318,0,3.08607,367545,4773.31
1319,0,3.35425,386862,4835.77
1320,0,3.31362,401467,4956.38
1321,0,3.43611,421201,4955.31
1322,0,3.48001,419294,4932.87
1323,0,3.611,418711,4926.01
1324,0,3.67859,437079,5023.9
1325,0,3.86376,466142,5066.76
1326,0,4.10419,490797,5008.13
1327,0,4.28318,469611,5104.47
1328,0,4.26176,498856,5038.95
1329,1,1.77437,234577,4787.29
1330,0,1.99871,204286,4863.95
1331,0,2.06767,247970,4678.68
1332,0,2.05735,215832,4796.27
1333,0,1.91109,233527,4865.15
1334,0,2.10838,245040,4900.8
1335,0,2.22354,273573,4716.78
1336,0,2.23543,275449,4832.44
1337,0,2.21633,276205,4845.7
1338,0,2.23543,271530,4763.68
1339,0,2.22354,278125,4795.26
1340,0,2.40884,298158,4809
1341,0,2.32971,288276,4725.84
1342,0,2.41808,293648,4813.9
1343,0,2.62865,325632,4788.71
1344,0,2.56632,317083,4662.99
1345,0,2.66355,313553,4750.8
1346,0,2.91802,345185,4794.24
1347,0,2.89289,333519,4833.61
1348,0,2.9545,357935,4772.47
1349,0,3.07988,383872,4798.4
1350,0,3.094,384161,4925.14
1351,0,3.08212,337396,4819.94
1352,0,3.36539,393808,4744.67
1353,0,3.49859,400038,4706.33
1354,0,3.69379,417954,4804.07
1355,0,3.51933,412358,4851.27
1356,0,3.71968,408071,4745.01
1357,0,3.97468,400968,4830.94
1358,0,4.08765,439472,4675.23
1359,0,3.97371,430306,4781.18
1360,0,4.14263,439299,4774.99
1361,0,4.43018,444926,4784.15
1362,0,4.59848,456284,4655.96
1363,1,2.07815,197980,4499.55
1364,0,2.15956,234599,4511.52
1365,0,2.01906,214885,4671.41
1366,0,2.14649,241614,4558.75
1367,0,2.16238,253101,4601.84
1368,0,2.15228,247070,4575.37
1369,0,2.26709,257649,4684.53
1370,0,2.28342,252376,4506.71
1371,0,2.31743,263193,4699.88
1372,0,2.39782,285861,4686.25
1373,0,2.43852,272253,4537.55
1374,0,2.5712,281437,4539.31
1375,0,2.5386,279259,4504.18
1376,0,2.68059,315190,4502.71
1377,0,2.87842,342922,4572.29
1378,0,2.84606,328957,4568.85
1379,0,2.91206,316618,4588.67
1380,0,3.19159,355947,4449.34
1381,0,3.25488,366461,4469.04
1382,0,3.14694,348709,4588.28
1383,0,3.22845,385379,4481.15
1384,0,3.30208,363752,4604.46
1385,0,3.59755,398138,4576.3
1386,0,3.597,412953,4639.92
1387,0,3.70395,416296,4524.96
1388,0,3.79269,432084,4500.88
1389,0,3.80079,417330,4742.39
1390,0,3.99959,451815,4657.89
1391,0,4.01168,439251,4774.47
1392,0,4.17378,484215,4701.12
1393,0,4.37433,499444,4624.48
1394,0,4.60368,515417,4772.38
1395,1,2.28801,266859,4681.74
1396,0,2.3187,273132,4629.36
1397,0,2.3425,273396,4556.6
1398,0,2.45955,281973,4547.95
1399,0,2.4093,270573,4831.66
1400,0,2.52034,269019,4981.83
1401,0,2.41155,299993,4838.6
1402,0,2.45443,308906,4903.27
1403,0,2.73598,321966,4878.27
1404,0,2.69025,334956,4785.09
1405,0,2.75351,340711,4732.1
1406,0,2.85909,353138,4772.14
1407,0,3.01293,360194,4802.59
1408,0,3.00302,356226,4687.18
1409,0,3.03068,354962,4862.49
1410,0,3.21714,365186,4805.08
1411,0,3.28596,397719,4791.8
1412,0,3.34591,392480,4786.34
1413,0,3.31178,407347,4907.8
1414,0,3.52617,414166,4760.53
1415,0,3.47837,416509,4843.13
1416,0,3.56891,401975,4843.07
1417,0,3.67838,445507,4739.44
1418,0,3.81069,449004,4880.48
1419,0,3.86591,425831,4838.99
1420,0,4.02626,434106,4933.02
1421,0,4.30693,511211,4915.49
1422,0,4.43045,503215,4838.61
1423,0,4.4219,516864,4969.85
1424,0,4.60292,525264,4909.01
1425,1,2.12326,266351,4756.27
1426,0,2.1889,265525,4741.52
1427,0,2.17053,276400,4849.12
1428,0,1.9532,247360,4850.2
1429,0,2.1078,270002,5000.04
1430,0,2.17988,273058,4876.04
1431,0,2.15504,265209,5003.94
1432,0,2.28509,289519,5079.28
1433,0,2.15228,276409,5118.69
1434,0,2.20522,292776,5228.14
1435,0,2.47102,296651,5114.67
1436,0,2.33519,301489,5198.09
1437,0,2.41824,316709,4948.58
1438,0,2.44029,323768,5139.17
1439,0,2.43155,320218,5164.81
1440,0,2.43342,320649,5089.67
1441,0,2.80456,353917,4915.51
1442,0,2.70596,356614,5094.49
1443,0,2.84244,381279,4951.68
1444,0,2.83788,376496,5087.78
1445,0,2.97731,371807,4892.2
1446,0,3.12081,402273,4905.77
1447,0,3.17173,386278,4889.59
1448,0,3.31339,410602,4888.12
1449,0,3.38996,430697,4950.54
1450,0,3.41085,379464,4992.95
1451,0,3.52527,425138,4831.11
1452,0,3.57249,408141,4917.36
1453,0,3.74177,440172,4890.8
1454,0,4.0545,461719,4860.2
1455,0,4.04562,494788,4757.58
1456,0,4.02829,441537,4852.05
1457,1,1.83926,226013,4708.6
1458,0,1.96986,240677,4719.16
1459,0,1.98077,239120,4598.46
1460,0,2.12217,239647,4608.6
1461,0,2.01929,235488,4617.41
1462,0,2.06413,230282,4605.64
1463,0,2.03228,238773,4591.79
1464,0,2.31004,254878,4634.15
1465,0,2.34126,273087,4628.59
1466,0,2.37137,275547,4517.16
1467,0,2.42699,283304,4569.42
1468,0,2.50606,293918,4665.37
1469,0,2.55223,306538,4575.19
1470,0,2.67097,311973,4587.84
1471,0,2.68355,324248,4632.11
1472,0,2.65492,297589,4649.83
1473,0,2.90928,327996,4619.66
1474,0,2.92027,331059,4598.04
1475,0,3.08876,344192,4651.24
1476,0,3.12621,351753,4690.04
1477,0,3.10697,353500,4651.32
1478,0,3.29275,366716,4641.97
1479,0,3.30867,373730,4613.95
1480,0,3.47056,374041,4561.48
1481,0,3.3911,365892,4517.19
1482,0,3.65004,407896,4635.18
1483,0,3.67808,412321,4632.82
1484,0,3.94717,425660,4677.58
1485,0,4.03354,440698,4543.28
1486,0,4.23115,440369,4684.78
1487,0,4.36033,455083,4550.83
1488,1,1.97632,202010,4489.11
1489,0,1.98534,199611,4435.8
1490,0,2.01414,206756,4494.7
1491,0,2.0369,241121,4549.45
1492,0,1.9447,230531,4610.62
1493,0,2.11093,235486,4528.58
1494,0,2.02595,237090,4648.82
1495,0,2.27411,256730,4667.82
1496,0,2.32763,265780,4582.41
1497,0,2.36713,267534,4534.47
1498,0,2.50963,297569,4508.62
1499,0,2.44118,278964,4649.4
1500,0,2.5711,298026,4382.74
1501,0,2.6212,312279,4461.13
1502,0,2.58001,310071,4559.87
1503,0,2.76287,326037,4405.91
1504,0,2.90436,324536,4570.93
1505,0,2.90698,338830,4578.78
1506,0,2.96352,348927,4473.42
1507,0,3.10669,374552,4567.71
1508,0,3.14257,369332,4616.65
1509,0,3.04408,374377,4456.87
1510,0,3.28868,393905,4476.19
1511,0,3.45975,393063,4679.32
1512,0,3.54066,397898,4681.15
1513,0,3.47137,415562,4776.57
1514,0,3.69843,421684,4791.86
1515,0,3.92132,458462,4726.41
1516,0,3.99722,442972,4763.14
1517,0,3.93096,427238,4967.88
1518,0,4.09939,449282,4883.5
1519,1,2.02931,230001,4600.02
1520,0,2.13265,213701,4645.67
1521,0,2.07083,209753,4767.11
1522,0,2.15696,229984,4999.65
1523,0,2.09831,229393,4880.7
1524,0,2.16633,260736,4919.55
1525,0,2.17395,261633,5031.4
1526,0,2.16633,255615,4822.92
1527,0,2.2837,285316,4835.86
1528,0,2.31297,295992,5016.81
1529,0,2.40746,290612,5010.55
1530,0,2.46564,301218,5020.3
1531,0,2.54628,340991,4871.3
1532,0,2.42243,317013,5031.95
1533,0,2.59902,335213,5003.18
1534,0,2.75679,354005,4916.74
1535,0,2.71137,351199,5089.84
1536,0,2.94479,361737,5094.89
1537,0,2.97997,400029,5000.36
1538,0,2.98798,371899,4829.86
1539,0,3.08835,388958,4986.64
1540,0,3.17616,376662,5159.75
1541,0,3.24407,428727,4985.2
1542,0,3.29644,451597,5074.12
1543,0,3.50457,438684,5100.98
1544,0,3.38926,445073,5115.78
1545,0,3.77399,465337,5058.01
1546,0,3.73686,439999,5116.27
1547,0,3.74399,428597,5042.32
1548,0,3.99938,486941,5020.01
1549,0,4.01642,469108,5155.03
1550,1,1.84815,226252,4918.52
1551,0,1.9426,232209,4940.62
1552,0,1.91205,230916,4810.75
1553,0,1.94662,239241,4882.47
1554,0,2.05345,220633,5014.39
1555,0,1.99335,232157,4939.51
1556,0,2.09316,254512,4802.11
1557,0,2.04063,233671,4971.72
1558,0,2.1629,269729,4816.59
1559,0,2.23384,258659,4880.36
1560,0,2.2774,283533,4888.5
1561,0,2.36702,291800,4863.33
1562,0,2.39554,278137,4714.19
1563,0,2.45395,297913,4965.22
1564,0,2.67672,339393,4586.39
1565,0,2.62037,312412,4881.44
1566,0,2.64735,315822,4858.8
1567,0,2.70012,346273,4877.08
1568,0,2.83528,349507,4787.77
1569,0,2.91802,344840,4789.44
1570,0,2.89132,352886,4768.73
1571,0,3.03417,369911,4804.04
1572,0,3.06065,381332,4826.99
1573,0,3.13566,385622,4702.71
1574,0,3.26405,391686,4896.07
1575,0,3.46434,415366,4615.18
1576,0,3.47731,401733,4726.27
1577,0,3.35857,385271,4756.43
1578,0,3.6413,425938,4732.64
1579,0,3.75823,450582,4693.56
1580,0,3.87069,443463,4668.03
1581,0,4.12902,478955,4789.55
1582,0,4.01758,470912,4662.5
1583,0,4.29705,486376,4768.39
1584,1,1.97058,237861,4854.31
1585,0,2.15018,262778,4777.78
1586,0,2.0262,247175,4846.57
1587,0,1.90618,241388,4827.76
1588,0,2.02657,250759,4731.3
1589,0,2.08416,256037,5020.33
1590,0,2.15823,276570,4852.11
1591,0,2.15179,276689,4940.88
1592,0,2.15179,280565,5010.09
1593,0,2.33519,287292,4953.31
1594,0,2.32389,294262,4987.49
1595,0,2.32389,298498,5059.29
1596,0,2.47652,339342,4990.32
1597,0,2.61473,339348,4990.41
1598,0,2.60853,314065,4985.16
1599,0,2.7187,367620,4901.6
1600,0,2.7598,348109,5045.06
1601,0,2.7909,369426,5060.63
1602,0,2.72623,360309,5004.29
1603,0,2.89284,376511,4889.75
1604,0,2.97038,407016,4963.61
1605,0,3.06681,403086,4915.68
1606,0,3.06711,398966,4987.07
1607,0,3.17729,427038,5023.98
1608,0,3.40873,440000,4943.82
1609,0,3.42678,457119,4862.97
1610,0,3.51633,412790,4914.17
1611,0,3.58911,457630,5084.78
1612,0,3.6763,478728,4986.75
1613,0,3.85013,453628,5040.31
1614,0,3.97016,471522,5016.19
1615,0,4.18153,498774,4938.36
1616,0,4.26864,543788,4943.53
1617,0,4.45499,512270,5022.25
1618,0,4.68571,560984,4964.46
1619,1,2.21994,274299,4729.29
1620,0,2.18586,271189,4757.7
1621,0,2.18326,259791,4723.47
1622,0,2.2262,256518,4663.96
1623,0,2.3437,292795,4799.92
1624,0,2.34448,256503,4839.68
1625,0,2.4122,293487,4733.66
1626,0,2.41217,278967,4981.55
1627,0,2.5371,323804,4832.9
1628,0,2.45467,315578,4930.91
1629,0,2.57268,330624,4862.12
1630,0,2.63889,330241,5003.65
1631,0,2.58288,329432,4844.59
1632,0,2.72607,355419,4936.38
1633,0,2.88376,361062,5014.75
1634,0,2.86544,372262,4898.18
1635,0,3.00582,374267,4860.61
1636,0,3.11157,378268,4912.57
1637,0,3.2879,399546,4872.51
1638,0,3.34022,415973,4836.9
1639,0,3.46548,403661,4805.49
1640,0,3.45776,405799,4718.59
1641,0,3.68169,447688,4615.34
1642,0,3.78066,470435,4704.35
1643,0,3.88071,478873,4788.73
1644,0,4.02761,472366,4723.66
1645,0,4.14895,472967,4636.93
1646,0,4.33969,516479,4695.26
1647,0,4.36082,529357,4726.4
1648,0,4.43744,514901,4812.16
1649,0,4.68906,545548,4703
1650,0,4.75851,556380,4715.08
1651,0,4.85344,555774,4750.21
1652,0,4.94556,582821,4700.17
1653,1,1.98433,233387,4576.22
1654,0,2.16347,269487,4567.58
1655,0,2.15967,274020,4567
1656,0,2.37816,292101,4711.31
1657,0,2.31501,277576,4626.27
1658,0,2.30586,279912,4665.2
1659,0,2.33539,293544,4734.58
1660,0,2.32581,296464,4941.07
1661,0,2.47954,334314,4708.65
1662,0,2.68345,337031,4814.73
1663,0,2.69151,323581,4829.57
1664,0,2.72955,313238,4819.05
1665,0,2.84688,364226,4792.45
1666,0,2.91645,352030,4757.16
1667,0,2.90257,379513,4865.55
1668,0,2.91551,385559,4819.49
1669,0,2.97219,385545,4880.32
1670,0,3.2332,425322,4778.9
1671,0,3.29998,434645,4829.39
1672,0,3.4295,411190,4895.12
1673,0,3.30956,435225,4782.69
1674,0,3.56642,463515,4879.11
1675,0,3.73968,454520,4994.73
1676,0,3.82208,492711,4830.5
1677,0,3.84285,469699,4892.7
1678,0,4.05559,479424,4794.24
1679,0,4.17198,521553,4741.39
1680,0,4.24246,489881,4898.81
1681,0,4.37793,486680,4966.12
1682,1,1.93762,233547,4766.27
1683,0,2.15625,270541,4664.5
1684,0,2.01507,254361,4624.75
1685,0,2.01296,245051,4901.02
1686,0,1.93219,245483,4909.66
1687,0,2.12326,272395,4864.2
1688,0,2.19128,277797,4873.63
1689,0,2.19198,272570,4955.82
1690,0,2.27904,282026,4862.52
1691,0,2.32771,296951,4789.53
1692,0,2.40849,320879,4789.24
1693,0,2.43566,318801,4904.63
1694,0,2.52268,319760,4844.85
1695,0,2.70434,343664,4840.34
1696,0,2.70259,349711,4857.1
1697,0,2.87183,372477,4837.36
1698,0,2.80373,370033,4744.01
1699,0,2.90613,397857,4793.46
1700,0,2.92808,405747,5009.22
1701,0,3.08865,418422,4922.61
1702,0,3.15344,413626,4866.19
1703,0,3.28589,432761,4862.48
1704,0,3.45724,460376,5004.09
1705,0,3.45059,451972,4912.74
1706,0,3.61614,470360,4849.07
1707,0,3.75577,515496,5103.92
1708,0,3.77577,512193,5071.22
1709,0,3.95476,521477,5062.88
1710,0,4.05441,548133,5122.74
1711,0,4.16272,514515,5197.12
1712,0,4.43204,599843,5040.7
1713,1,2.05655,278813,5163.2
1714,0,2.18586,280381,4918.96
1715,0,2.18586,286270,5022.28
1716,0,2.18586,297659,5222.09
1717,0,2.06958,282666,5333.32
1718,0,2.24016,310354,5350.93
1719,0,2.24873,308644,5231.25
1720,0,2.31501,310794,5179.9
1721,0,2.32361,326664,5268.77
1722,0,2.49229,345930,5322
1723,0,2.4212,344161,5214.56
1724,0,2.68704,375279,5071.34
1725,0,2.62364,364758,5364.09
1726,0,2.64154,380159,5279.99
1727,0,2.87659,392944,5239.25
1728,0,2.82604,413533,5370.56
1729,0,2.81472,388780,5325.75
1730,0,3.00923,404109,5248.17
1731,0,3.0361,400354,5267.82
1732,0,3.07602,413072,5099.65
1733,0,3.42259,476095,5289.94
1734,0,3.35066,478606,5259.41
1735,0,3.52345,475255,5222.58
1736,0,3.57326,489647,5265.02
1737,0,3.70717,506756,5067.56
1738,0,3.71377,526063,5423.33
1739,0,3.81682,530694,5360.55
1740,0,3.86694,560530,5389.71
1741,0,4.05481,566120,5290.84
1742,0,4.31987,596714,5280.65
1743,0,4.47537,640524,5250.2
1744,0,4.49233,631391,5261.59
1745,0,4.56855,634245,5285.38
1746,0,4.88748,681618,5203.19
1747,0,5.03469,669343,5148.79
1748,0,5.02389,689836,5226.03
1749,0,5.34218,674638,5229.75
1750,0,5.33904,745022,5283.84
1751,0,5.59865,735834,5181.93
1752,0,5.52758,756625,5078.02
1753,0,5.70005,761981,5183.54
1754,0,6.05419,768544,5089.7
1755,0,6.00906,774094,5195.26
1756,0,6.31663,807213,5045.08
1757,0,6.54857,830886,5193.04
1758,1,3.33388,425414,5125.47
1759,0,3.41525,449015,4989.06
1760,0,3.44616,414340,5115.31
1761,0,3.59363,448243,5152.22
1762,0,3.63587,476358,5122.13
1763,0,3.58674,445275,5238.53
1764,0,3.78708,509937,5150.88
1765,0,4.07382,520799,5007.68
1766,0,4.01711,519537,5143.93
1767,0,4.24986,538067,5173.72
1768,0,4.31863,551595,5107.36
1769,0,4.37011,570471,5048.42
1770,0,4.63969,595621,5134.66
1771,0,4.8007,605923,5091.79
1772,0,4.96876,636910,5136.37
1773,0,5.05345,625230,5083.17
1774,0,5.10366,597540,5021.34
1775,0,5.39954,635655,4927.56
1776,0,5.39869,639501,5035.44
1777,1,2.71282,343938,4984.61
1778,0,2.68087,322068,4954.89
1779,0,2.85048,352596,4897.17
1780,0,2.83603,345506,5007.33
1781,0,2.79098,349908,4928.28
1782,0,2.83746,338077,4899.67
1783,0,2.97335,378999,4858.96
1784,0,2.9396,374720,4930.53
1785,0,3.00241,373761,4983.48
1786,0,3.14107,384808,4997.51
1787,0,3.36794,403123,4856.9
1788,0,3.38384,426292,5015.2
1789,0,3.42669,431508,5076.56
1790,0,3.5506,435945,5010.86
1791,0,3.64501,467380,5025.59
1792,0,3.83114,459610,4995.76
1793,0,3.74517,466253,5067.97
1794,0,3.98049,455453,5117.45
1795,0,4.02079,512664,5126.64
1796,0,4.26475,500685,5161.7
1797,0,4.38863,531115,5258.56
1798,0,4.39277,560981,5194.27
1799,0,4.75954,598144,5069.02
1800,0,4.97204,573236,5028.39
1801,0,4.99895,614249,5161.76
1802,0,5.23838,610604,5218.84
1803,1,2.40011,300997,4934.38
1804,0,2.39659,312953,5047.63
1805,0,2.42625,298410,5057.8
1806,0,2.41708,312016,5115.02
1807,0,2.37565,311261,5020.34
1808,0,2.54001,337549,5114.38
1809,0,2.49226,332808,5120.12
1810,0,2.57627,335722,5245.66
1811,0,2.75306,376480,5157.26
1812,0,2.65749,330905,5337.18
1813,0,2.82641,366022,5228.89
1814,0,2.9008,362826,5183.23
1815,0,2.87151,370023,5286.04
1816,0,2.9183,395149,5001.89
1817,0,3.03441,401959,5153.32
1818,0,3.14913,402410,5226.1
1819,0,3.30127,416880,5276.96
1820,0,3.46553,460679,5118.66
1821,0,3.38023,442004,5261.95
1822,0,3.58315,450531,5238.73
1823,0,3.574,448063,5334.08
1824,0,3.83881,514837,5253.44
1825,0,3.97745,500569,5325.2
1826,0,4.09379,521006,5262.69
1827,0,4.02006,488796,5313
1828,0,4.34747,531775,5265.1
1829,0,4.58385,544279,5284.26
1830,1,2.08967,262251,5043.29
1831,0,2.20077,278177,5057.76
1832,0,2.1889,277509,4955.52
1833,0,2.18116,278835,4891.84
1834,0,2.24209,283440,5248.89
1835,0,2.43081,291593,5207.02
1836,0,2.37541,297607,5131.16
1837,0,2.37674,332576,5196.5
1838,0,2.44227,329544,5149.12
1839,0,2.55484,324588,5071.69
1840,0,2.56861,351661,5171.49
1841,0,2.52038,340988,5245.97
1842,0,2.54991,347560,5187.46
1843,0,2.84972,364025,5055.9
1844,0,2.7038,365908,5303.01
1845,0,2.87575,385785,4945.96
1846,0,2.96114,410195,5064.14
1847,0,2.95939,379005,5121.69
1848,0,3.23716,408099,5101.24
1849,0,3.17276,403463,5239.78
1850,0,3.25353,421278,5265.98
1851,0,3.44559,445494,5180.16
1852,0,3.40295,471107,5177
1853,0,3.72469,486139,5063.95
1854,0,3.6687,476112,5290.13
1855,0,3.79331,490594,5057.67
1856,0,3.90254,503062,5240.23
1857,0,4.07588,491859,5070.71
1858,0,4.20371,550701,5195.29
1859,0,4.37482,544965,5141.18
1860,0,4.61262,599846,5040.72
1861,0,4.79098,595278,5087.85
1862,0,4.84168,566501,5150.01
1863,1,2.09658,271901,5035.2
1864,0,2.51079,321355,5021.17
1865,0,2.34126,294526,4991.97
1866,0,2.43655,286765,5120.8
1867,0,2.47797,310466,5089.61
1868,0,2.36699,317128,5114.97
1869,0,2.42108,309156,5068.13
1870,0,2.43813,331219,5095.68
1871,0,2.59042,349017,5058.22
1872,0,2.67576,349109,5059.55
1873,0,2.77135,350687,5082.42
1874,0,2.69564,349854,5144.91
1875,0,2.7968,345992,5242.3
1876,0,2.95025,344743,5069.75
1877,0,3.02272,382716,5171.84
1878,0,3.22793,412472,5030.15
1879,0,3.29494,397226,5028.18
1880,0,3.34731,422514,4970.75
1881,0,3.51472,418181,5038.33
1882,0,3.673,448161,5092.74
1883,0,3.70855,451080,5125.91
1884,0,3.84942,439964,5057.06
1885,0,4.11238,453491,4983.42
1886,1,1.83787,227881,4848.53
1887,0,1.841,197358,4933.95
1888,0,1.8755,224129,4669.35
1889,0,1.8315,221935,4931.89
1890,0,1.89815,210100,4886.05
1891,0,2.02064,230724,4909.02
1892,0,1.91163,230396,4902.04
1893,0,1.99832,248987,4788.21
1894,0,1.97461,236986,4937.21
1895,0,2.0106,242033,5042.35
1896,0,2.01978,247919,4958.38
1897,0,2.16113,270129,4911.44
1898,0,2.29008,285616,4760.27
1899,0,2.26298,278769,4806.36
1900,0,2.42664,304001,4825.41
1901,0,2.38455,296201,4777.44
1902,0,2.36305,291035,5017.84
1903,0,2.50659,310269,4773.37
1904,0,2.4822,302721,4805.1
1905,0,2.71851,319038,4761.76
1906,0,2.7579,327466,4745.88
1907,0,2.7902,328868,4836.29
1908,0,2.81375,326770,4877.16
1909,0,2.71207,342810,4761.25
1910,0,2.93422,368105,4843.49
1911,0,3.01792,349139,4849.15
1912,0,3.21372,368015,4718.14
1913,0,3.14988,365853,4813.86
1914,0,3.38238,367325,4833.22
1915,0,3.44852,380262,4813.44
1916,0,3.61131,415953,4726.74
1917,0,3.79109,426178,4842.93
1918,0,3.79624,440838,4740.19
1919,1,1.85941,204575,4649.43
1920,0,1.80089,216333,4602.83
1921,0,1.91374,196574,4794.49
1922,0,1.87737,209556,4762.64
1923,0,2.05345,217441,4941.84
1924,0,1.83481,231154,4815.71
1925,0,1.96556,243836,4600.68
1926,0,2.03228,250322,4813.88
1927,0,1.93095,229301,4984.8
1928,0,2.14246,259197,4799.94
1929,0,2.09912,252714,4955.18
1930,0,2.2406,269530,4900.55
1931,0,2.28807,268208,4876.51
1932,0,2.25416,270175,4739.91
1933,0,2.30729,271420,4761.75
1934,0,2.49714,311597,4793.8
1935,0,2.55126,314554,4765.97
1936,0,2.54115,324159,4911.5
1937,0,2.57857,314345,4911.64
1938,0,2.62999,323206,4897.06
1939,0,2.74506,349029,4781.22
1940,0,2.80935,325230,4927.73
1941,0,2.89883,366867,4827.2
1942,0,3.02319,378571,4853.47
1943,0,3.08834,363360,4844.8
1944,0,3.2853,359614,4859.65
1945,0,3.50449,406135,4952.87
1946,0,3.48049,422141,4852.2
1947,0,3.58325,406562,4898.34
1948,0,3.77254,427752,4916.69
1949,0,3.81845,453713,4985.86
1950,0,3.93257,442589,4917.66
1951,0,3.99742,443314,5037.66
1952,0,4.13173,467052,5022.06
1953,1,1.94556,229780,4787.08
1954,0,2.07885,248810,4784.81
1955,0,2.18045,260237,4910.13
1956,0,1.98891,248093,4961.86
1957,0,2.11353,249054,5082.73
1958,0,2.25378,279350,4816.38
1959,0,2.21482,266690,5031.89
1960,0,2.3112,285027,5000.47
1961,0,2.39596,281662,5029.68
1962,0,2.45672,298402,4973.37
1963,0,2.45864,313349,4896.08
1964,0,2.56271,322346,4959.17
1965,0,2.65475,320185,5002.89
1966,0,2.75678,325040,4924.85
1967,0,2.72396,336518,4877.07
1968,0,2.86471,325260,4928.18
1969,0,2.94648,360186,5002.58
1970,0,3.09249,383755,4983.83
1971,0,3.18884,389656,4932.35
1972,0,2.97954,359414,5062.17
1973,0,3.26588,409232,4814.49
1974,0,3.36699,410271,4943.02
1975,0,3.54987,420085,4942.18
1976,0,3.59319,410366,5004.46
1977,0,3.64323,399837,4936.26
1978,0,3.76149,412628,5032.05
1979,0,4.10087,436367,4958.72
1980,0,3.98488,443934,4932.6
1981,0,4.21547,464881,5108.58
1982,1,1.77636,200050,4652.33
1983,0,1.77126,200626,4665.72
1984,0,1.94937,195619,4657.6
1985,0,1.70346,202847,4717.37
1986,0,1.83252,208352,4735.27
1987,0,1.86598,211200,4693.33
1988,0,1.78192,208543,4849.84
1989,0,1.77541,222049,5046.57
1990,0,1.87169,224754,5108.05
1991,0,2.03228,249877,4805.33
1992,0,1.92868,216674,5038.93
1993,0,1.98087,250794,5015.88
1994,0,2.04772,264502,5186.31
1995,0,2.06081,259616,5192.32
1996,0,2.01929,262717,5151.31
1997,0,2.23101,289568,5080.14
1998,0,2.40302,310765,5094.51
1999,0,2.25781,284009,5071.59
2000,0,2.36344,310171,5084.77
2001,0,2.41246,297314,5039.22
2002,0,2.37174,315472,5257.87
2003,0,2.54863,322095,5032.73
2004,0,2.5577,320912,4937.11
2005,0,2.64587,340165,5002.43
2006,0,2.72201,361610,5165.86
2007,0,2.72209,359239,5059.7
2008,0,2.9201,372132,5168.5
2009,0,2.91122,397890,5101.15
2010,0,3.04644,408787,5046.75
2011,0,3.16764,408037,4976.06
2012,0,3.07004,407976,5036.74
2013,0,3.23463,433609,5101.28
2014,0,3.32735,451417,5072.1
2015,0,3.34981,458652,5153.39
2016,0,3.46959,485956,5282.13
2017,0,3.62565,496820,5175.21
2018,0,3.80241,510454,5156.1
2019,0,3.80715,500805,5110.26
2020,0,3.82425,501434,5223.27
2021,0,3.93371,513437,5348.3
2022,0,4.13744,523463,5287.51
2023,0,4.21868,539531,5289.52
2024,0,4.34109,575453,5137.97
2025,0,4.42964,593540,5206.49
2026,0,4.63961,589734,5312.92
2027,0,4.63044,601070,5272.54
2028,0,4.87594,621068,5263.29
2029,0,5.03234,622618,5103.43
2030,0,5.15902,637936,5360.81
2031,1,2.53312,345687,5237.68
2032,0,2.42602,322234,5282.52
2033,0,2.43249,338154,5283.66
2034,0,2.3251,318501,5221.33
2035,0,2.54115,352380,5339.09
2036,0,2.53325,338065,5122.2
2037,0,2.79277,380548,5285.39
2038,0,2.72072,365969,5154.49
2039,0,2.72359,367733,5179.34
2040,0,2.92618,399804,5125.69
2041,0,2.90298,403438,5239.45
2042,0,3.15394,454868,5110.88
2043,0,3.12583,429575,5113.99
2044,0,3.22681,442089,5140.57
2045,0,3.30539,440188,5240.33
2046,0,3.55652,504734,5203.44
2047,0,3.44426,478493,5376.33
2048,0,3.54396,481142,5173.57
2049,0,3.66781,486709,5177.76
2050,0,3.81568,524748,5195.52
2051,0,4.06648,550200,5290.38
2052,0,3.89166,537767,5324.43
2053,0,4.12297,550677,5294.97
2054,0,4.28391,551193,5351.39
2055,0,4.37101,598262,5247.91
2056,0,4.5315,586390,5282.79
2057,0,4.70899,632909,5363.64
2058,0,4.76586,628074,5277.93
2059,0,4.88232,610331,5307.23
2060,1,2.43558,328812,5219.24
2061,0,2.54409,340228,5316.06
2062,0,2.50504,347130,5181.04
2063,0,2.48594,361557,5239.96
2064,0,2.60839,361188,5234.61
2065,0,2.53283,354868,5459.51
2066,0,2.63657,372494,5398.46
2067,0,2.67325,413481,5440.54
2068,0,2.80511,405367,5264.51
2069,0,2.84555,417148,5488.79
2070,0,3.02556,455789,5362.22
2071,0,3.04976,432578,5211.78
2072,0,3.15678,440288,5435.65
2073,0,3.25412,430199,5515.37
2074,0,3.22905,456496,5567.02
2075,0,3.43919,484212,5502.41
2076,0,3.45033,512954,5399.52
2077,0,3.55632,530725,5471.39
2078,0,3.8163,566292,5497.98
2079,0,3.69262,555645,5501.44
2080,0,3.90899,585810,5424.17
2081,0,4.02335,584162,5510.96
2082,0,4.17987,613803,5431.88
2083,0,4.26169,621742,5551.27
2084,0,4.48529,676019,5496.09
2085,0,4.52033,664014,5627.24
2086,1,2.19595,315589,5441.19
2087,0,2.12006,308982,5617.85
2088,0,2.14613,329512,5491.87
2089,0,2.16391,308119,5502.12
2090,0,2.21338,334872,5675.8
2091,0,2.13437,355526,5643.27
2092,0,2.38434,367021,5825.73
2093,0,2.25067,363428,5678.56
2094,0,2.48026,371383,5713.58
2095,0,2.42167,389099,5807.45
2096,0,2.4079,391647,5594.96
2097,0,2.53557,409367,5765.73
2098,0,2.62636,428288,5866.96
2099,0,2.48164,404068,5942.18
2100,0,2.65341,459314,5741.43
2101,0,2.73908,449952,5999.36
2102,0,2.65984,469938,5874.23
2103,0,2.92663,473855,5778.72
2104,0,3.05332,499908,5881.27
2105,0,3.04511,505647,5948.79
2106,0,3.12951,503543,5924.04
2107,0,3.2586,521059,5725.92
2108,0,3.34865,549699,5847.86
2109,0,3.47658,549514,5908.75
2110,0,3.41679,555708,5849.56
2111,0,3.60226,585904,5918.22
2112,0,3.77188,582883,5828.83
2113,0,3.76498,591891,5918.91
2114,0,4.01055,609077,5800.73
2115,0,4.12054,595957,5959.57
2116,1,1.8767,270649,5523.45
2117,0,1.86134,287462,5636.51
2118,0,1.93901,282080,5424.62
2119,0,1.83926,270808,5641.83
2120,0,1.83501,264692,5631.74
2121,0,1.83615,279679,5826.65
2122,0,1.94815,285033,5588.88
2123,0,1.90403,299724,5550.44
2124,0,1.90013,293299,5533.94
2125,0,2.15649,303135,5511.55
2126,0,2.14493,317906,5577.3
2127,0,2.27251,333286,5463.7
2128,0,2.17835,343950,5547.58
2129,0,2.25864,344786,5472.79
2130,0,2.24934,346131,5582.76
2131,0,2.45023,369406,5597.06
2132,0,2.51315,371318,5626.03
2133,0,2.66259,403166,5448.19
2134,0,2.69059,377518,5393.11
2135,0,2.63488,402421,5589.18
2136,0,2.81117,423328,5427.28
2137,0,2.81127,402669,5592.62
2138,0,2.95837,445525,5639.56
2139,0,2.9963,448251,5466.48
2140,0,2.91871,452978,5662.23
2141,0,3.09573,478642,5439.11
2142,0,3.15954,462160,5636.1
2143,0,3.32409,482699,5485.22
2144,0,3.46072,521675,5491.32
2145,0,3.60878,485589,5518.06
2146,0,3.7816,524605,5522.16
2147,0,3.84191,530031,5464.24
2148,0,3.86636,532089,5429.48
2149,1,1.88951,256221,5229
2150,0,1.93366,264638,5292.76
2151,0,2.17091,287627,5229.58
2152,0,2.07435,284331,5364.74
2153,0,2.09372,287558,5325.15
2154,0,2.22817,303129,5226.36
2155,0,2.15823,304781,5347.04
2156,0,2.24512,308212,5314
2157,0,2.28876,329484,5401.38
2158,0,2.3722,314117,5415.81
2159,0,2.65853,356951,5491.55
2160,0,2.64313,367677,5328.65
2161,0,2.679,383973,5259.9
2162,0,2.78294,396260,5213.95
2163,0,2.75056,375098,5283.07
2164,0,2.74265,392803,5380.86
2165,0,2.915,393725,5393.49
2166,0,3.11622,427724,5414.23
2167,0,3.06133,421117,5398.94
2168,0,3.21262,445567,5368.28
2169,0,3.21817,435574,5444.68
2170,0,3.14037,426964,5473.9
2171,0,3.5196,482562,5361.8
2172,0,3.51796,472559,5559.52
2173,0,3.46467,467534,5436.44
2174,0,3.74556,479728,5514.11
2175,0,3.89595,498342,5599.35
2176,0,3.98877,516960,5499.57
2177,0,4.10053,521990,5437.4
2178,0,4.12537,531619,5537.7
2179,0,4.41067,530805,5472.22
2180,0,4.62559,531168,5591.24
2181,1,1.61683,184185,5417.21
2182,0,1.79593,198645,5227.5
2183,0,1.71807,219219,5219.5
2184,0,1.84849,238388,5072.09
2185,0,2.00983,251127,5231.81
2186,0,2.00227,260096,5201.92
2187,0,2.15649,290432,5280.58
2188,0,1.98974,265232,5200.63
2189,0,2.15587,272048,5132.98
2190,0,2.31787,314582,5157.08
2191,0,2.33666,317284,5201.38
2192,0,2.28407,288802,5157.18
2193,0,2.50788,317843,5126.5
2194,0,2.42345,292262,5127.4
2195,0,2.45729,307087,4953.02
2196,0,2.76684,332358,5035.73
2197,0,2.91938,335854,4867.45
2198,0,2.87663,353293,4906.85
2199,0,2.87087,376291,4824.24
2200,0,3.04056,355813,5083.04
2201,0,3.10962,369186,5057.34
2202,0,3.3903,377255,4963.88
2203,0,3.37091,386272,5016.52
2204,0,3.42917,389074,5119.39
2205,0,3.54157,406716,5021.19
2206,1,1.6477,191907,4680.66
2207,0,1.66319,204901,4765.14
2208,0,1.74755,179203,4715.87
2209,0,1.71226,189173,4850.59
2210,0,1.81266,204286,4750.84
2211,0,1.55079,167999,5090.88
2212,0,1.66319,209398,4869.72
2213,0,1.72398,206275,4797.09
2214,0,1.80409,221871,4930.47
2215,0,1.81935,212753,4947.74
2216,0,1.87146,227113,4937.24
2217,0,1.86449,224793,4995.4
2218,0,1.91285,250769,5117.73
2219,0,2.05204,257723,4862.7
2220,0,2.11014,252169,4944.49
2221,0,2.09087,251852,4938.27
2222,0,2.1961,271839,4942.53
2223,0,2.1952,286931,4863.24
2224,0,2.32389,282033,4780.22
2225,0,2.34494,295105,4918.42
2226,0,2.37956,293635,4893.92
2227,0,2.5611,308687,4823.23
2228,0,2.52774,300821,4774.94
2229,0,2.64726,305618,4851.08
2230,0,2.71093,319694,4701.38
2231,0,2.81968,336581,4877.99
2232,0,2.78795,330282,4718.31
2233,0,2.93416,346316,4809.94
2234,0,3.03876,347486,4894.17
2235,0,3.08105,348435,4977.64
2236,0,3.16969,357343,4895.11
2237,0,3.24861,386014,4886.25
2238,0,3.44135,374897,4686.21
2239,1,1.61196,189596,4739.9
2240,0,1.51249,183548,4960.76
2241,0,1.68693,216234,5028.7
2242,0,1.69971,215346,4894.23
2243,0,1.73725,212076,5049.43
2244,0,1.71556,222844,4952.09
2245,0,1.76923,219788,4995.18
2246,0,1.91109,247980,5166.25
2247,0,1.84068,240487,5227.98
2248,0,1.99986,243435,5071.56
2249,0,2.02937,283015,5145.73
2250,0,2.15228,280112,5187.26
2251,0,2.16633,276309,5213.38
2252,0,2.30116,320021,5161.63
2253,0,2.33888,327317,5279.31
2254,0,2.50606,331420,5260.63
2255,0,2.5717,354270,5134.35
2256,0,2.51759,353683,5278.85
2257,0,2.52133,352739,5264.76
2258,0,2.68403,375440,5143.01
2259,0,2.71446,368673,5266.76
2260,0,2.64792,377020,5310.14
2261,0,2.91667,387513,5308.4
2262,0,2.83339,396849,5221.7
2263,0,2.94866,414580,5384.16
2264,0,3.06469,416868,5344.46
2265,0,3.2052,466707,5185.63
2266,0,3.27221,420663,5258.29
2267,0,3.2895,458129,5389.75
2268,0,3.48491,445053,5362.08
2269,0,3.47466,492823,5299.17
2270,0,3.56434,464075,5396.22
2271,0,3.82253,492077,5291.15
2272,0,3.984,526965,5116.17
2273,0,3.92774,516816,5168.16
2274,0,4.05214,506596,5222.64
2275,0,4.06793,561348,5246.24
2276,0,4.37238,569055,5220.69
2277,0,4.43858,584493,5265.7
2278,0,4.5863,581495,5191.92
